FORENAME1,FORENAME2,FORENAME3,SURNAME,DOB,EmployeeID,Department_ID
JENNA,,,LEIPER,01-May-84,S123456/11Y,11/23456K
JENNA,,,LEIPER,01-May-84,S123456/11Y,11/23456K
JENNA ANNE,,,LEAPER,02-May-84,S123478/18Y,11/44456K
JENNA,,,LEAPER,02-May-84,S123478/18Y,11/44456K
JEN,,,LIEPER,03-May-84,S243478/21Y,11/42356K
JENNY,,,LIEPER,03-May-84,S243478/21Y,11/42356K
THEO,,,ROBB,23-Sep-44,,16/41153S
THEO,,,ROBB,23-Sep-44,,16/41153S
JENNY,LORAINE,,LEEPER,04-May-84,S127778/10Y,
JENNY,LORAINE,,LEEPER,04-May-84,S127778/10Y,
JEN,,,LEIPAR,06-May-84,S125578/16Y,
JENNA,,,LEIPAR,06-May-84,S125578/16Y,
JENA LIA,,,LAEPER,05-May-84,S127578/19Y,
JENA,,,LAEPER,05-May-84,S127578/19Y,
JENIFER,,,LEIPIR,07-May-84,S126378/31Y,
JENNIFER,,,LEIPAR,07-May-84,S126378/31Y,
ELIZA,,,SMITH,08-May-81,S128399/39Y,22/21156K
JANE,,,SMITH,08-Jun-81,S128399/39Y,22/21156K
STEVEN,GARRY,,HOBBS,09-Oct-72,S558399/44G,
GARRY,,,ROBB,10-Oct-71,S558399/44G,
LYNNE,,,MATT,11-Apr-81,,97/21383D
DANNI,,,NELL,11-Apr-81,,97/21383D
GILLIAN,,,MCGROUTHER,01-Jun-84,S123654/11Y,12/23456K
GILLIAN,,,MCGROUTHER,01-Jun-84,S123654/11Y,12/23456K
GILLIAN,,,MCGROUTHAR,02-Jun-84,S124444/18Y,13/44456K
GILLIAN JANE,,,MCGROUTHAR,02-Jun-84,S124444/18Y,13/44456K
GILL,,,MACGROUTHER,03-Jun-84,S243338/21Y,14/42356K
GILLY,,,MACGROUTHER,03-Jun-84,S243338/21Y,14/42356K
JANET,,,ROSS,15-Jul-55,,22/42886F
JANET,,,ROSS,15-Jul-55,,22/42886F
GILL,,,MCGROUHER,06-Jun-84,S127778/16Y,
GILLY,,,MCGROUHER,06-Jun-84,S127778/16Y,
GILLIEN,CLAIRE,,MCGROUTER,04-Jun-84,S125578/10Y,
GILLIEN,,,MCGROUTER,04-Jun-84,S125578/10Y,
GILLIAN LEE,,,MCGROTHER,05-Jun-84,S128878/19Y,
GILLIAN,,,MCGROTHER,05-Jun-84,S128878/19Y,
GILLEN,,,MCGROUTHER,07-Jun-84,S129978/31Y,
GILLAN,,,MACGROUTHER,07-Jun-84,S129978/31Y,
ELIZABETH,,,YOUNG,08-May-81,S128787/39T,73/21956P
BETTY,,,YOUNGSON,08-Jun-81,S128787/39T,73/21956P
STEVE,,,BUCHAN,09-Oct-72,S545809/43C,
STEVIE,,,MILNE,09-Oct-71,S545809/43C,
VICKI,,,EWAN,11-Apr-81,,97/33445S
VICTORIA,,,MCEWAN,11-Apr-81,,97/33445S
CHRISTOPHER,,,TEST,01-May-35,S123456/11K,11/23456Q
CHRISTOPHER,,,TEST,01-May-35,S123456/11K,11/23456Q
CHRISTOPHER STEVE,,,TESTE,02-May-35,S123478/18G,11/44456R
CHRISTOPHER,,,TESTE,02-May-35,S123478/18G,11/44456R
CHRISTO,,,TESTER,03-May-35,S243478/21D,11/42356T
CHRISTOPHER,,,TESTER,03-May-35,S243478/21D,11/42356T
MAX,,,SIMPSON,13-May-75,,36/12456H
MAX,,,SIMPSON,13-May-75,,36/12456H
CHRISTOPHER,ASHTON,,TESTAR,04-May-35,S127778/10A,
CHRISTOPHER,ASHTON,,TESTAR,04-May-35,S127778/10A,
CHRIS,,,TESSTER,06-May-35,S125578/16P,
CRIS,,,TESSTER,06-May-35,S125578/16P,
CHRIS GARY,,,TESAR,06-May-35,S127578/19S,
CHRIS ,,,TESAR,06-May-35,S127578/19S,22/33457T
CHRIS,,,TESSER,09-May-35,S126378/31R,
CRIS,,,TESSAR,09-May-35,S126378/31R,
JOE,,,BLOGGS,22-Sep-85,S456789/11K,11/55456Q
JOE,,,BLOGGS,22-Sep-85,S456789/11K,11/55456Q
JOE PAUL,,,BLOGG,24-Sep-85,S345678/18G,34/44456R
JOE,,,BLOGG,24-Sep-85,S345678/18G,34/44456R
JOEY,,,BLOGS,27-Sep-85,S123578/21D,11/99356T
JOE,,,BLOGS,27-Sep-85,S123578/21D,11/99356T
CARTER,,,MCCANN,26-Jan-66,,68/22356T
CARTER,,,MCCANN,26-Jan-66,,68/22356T
JOE,COHEN,,BLOOGS,28-Sep-85,S127348/10A,
JOE,COHEN,,BLOOGS,28-Sep-85,S127348/10A,
JOE,,,BLOGGIE,02-Oct-85,S778578/16P,
JOIE,,,BLOGGIE,02-Oct-85,S778578/16P,
JOE JAMES,,,BLOGGYS,30-Sep-85,S337578/19S,
JOE,,,BLOGGYS,30-Sep-85,S337578/19S,
JOSEPH,,,BLOGSY,05-Oct-85,S126998/31R,
JOSEF,,,BLOGGSY,05-Oct-85,S126998/31R,
LACEY,,,LIVINGSTON,08-May-91,S123087/29J,76/21826Y
LAYLA,,,STONE,08-May-81,S123087/29J,76/21826Y
CARTER,,,EDDIE,09-Oct-72,S335809/73A,
MYLES,,,EDDIE,09-Oct-71,S335809/73A,
LOGAN,,,EWEN,11-Apr-81,,55/36245U
ASTON,,,MCGUIRE,11-Apr-81,,55/36245U
GILLIAN,,,MCGROUTHER,01-Jun-94,S123654/11Y,12/23456K
GILLIAN,,,MCGROUTHER,02-Jun-94,S123654/11Y,12/23456K
GILLIAN,,,MCGROUTHAR,02-Apr-74,S124444/18Y,13/44456K
GILLIAN JANE,,,MCGROUTHAR,02-May-74,S124444/18Y,13/44456K
GILL,,,MCGROUTHER,01-May-64,S123654/11Y,12/23456K
JILL,,,MCGROUTHER,02-May-64,S123654/11Y,12/23456K
ASHTON,,,YOUNGSON,03-Nov-94,,11/23456K
ASHTON,,,YOUNGSON,03-Nov-94,,12/23456K
GILLIEN,CLAIRE,,MCGROUT,04-Jun-94,S126678/10Y,
GILLIEN,,,MCGROUT,03-Jun-94,S126678/10Y,
GILL,ANNE,,MACGROOTHER,01-May-95,S134578/11T,09/333898T
GILL,ANNE,,MACGROOTHER,02-May-95,S134578/11T,
GILL,JANET,,MCGEET,06-Jun-94,S127978/16Y,08/222575T
GILL,,,MCGEET,06-Jun-94,S117978/16Y,
DAVY,,,ANDERSON,09-Sep-64,S190987/14W,
DAVIE,,,ANDERSON,09-Sep-64,S190987/14Y,
STEVE,,,ANDERSON,10-Sep-64,S378987/19R,12/989898D
STEVIE,,,ANDERSON,10-Aug-64,S378987/19R,
SUSAN,,,ANDERSON,12-Sep-63,S567823/19R,
SUSIE,JANE,,ANDERSON,12-Sep-63,S567823/18R,
DAVID DUNCAN,,,MCGROUTHER,10-Oct-72,S343434/12E,
DAVID,,,MCGROUTHER,10-Oct-72,S343434/12F,
MARY CLAIRE,,,MCGROUTHER,02-Feb-50,S222245/11D,
MARY   ,CLAIRE,,MCGROUTHER,03-Feb-50,S222245/11D,
KAREN ANNE,,,MCGROUTHER,11-Feb-60,S444422/10C,12/88888W
KAREN ANN,,,MCGROUTHER,11-Feb-60,S444423/10C,
CLARE,,,MCGRUER,03-Mar-87,S489000/11A,
CLAIR,,,MACGRUER,03-Mar-87,S489000/11B,
IAN,,,MCGREGOR,04-Apr-87,S333989/12A,
IAIN,,,MACGREGOR,03-Apr-87,S333989/12A,10/444433F
ROB,DAVID,,MCKAY,06-Jun-70,S46919/12D,
ROBERT,,,MACKAY,06-Jun-70,S46918/12D,
KARTER,,,WILSON,08-Sep-91,S123087/29U,76/21126Y
KARSON,,,WILLS,08-Sep-81,S123087/29J,76/21826Y
ALLIE,,,QUINN,09-Oct-72,S335809/73A,
ALLIX,,,QUINT,09-Oct-71,S335809/33A,
MACY,,,ROSS,25-Apr-81,,52/36245U
MILLIE,,,ROSSY,25-Apr-81,,55/36245U
JENNA,EMMA,,LEFHER,05-Jul-74,S121178/19Y,11/42356R
JENNA,,,LEFHER,05-Jul-74,S121178/19Y,
JEN,SARAH,,LEHER,06-Jul-94,S131179/20Y,12/44467F
JEN,SARAH,,LEHER,06-Jul-94,S131179/20Y,
SARAH,,,LEER,05-Jul-64,S142267/17Z,10/44567G
SARAH,,,LEER,05-Jul-64,S142267/17Z,
CHERYL,,,TOY,06-Dec-83,S649967/33F,72/39667E
CHERYL,,,TOY,06-Dec-83,,72/39667E
FALLON,,,MILL,08-Nov-53,,11/49862X
FALLON,,,MILL,08-Nov-53,S114798/19D,11/49862X
BILL,,,MCGROUTHER,10-Jan-78,S123123/09E,11/989898D
BILLIE,,,MCGROUTHER,10-Jan-78,S123123/09E,
DAVY,FRED,,MCGROUTHER,09-Jan-77,S474798/09D,
DAVIE,,,MCGROUTHER,09-Jan-77,S474798/09D,
JENA ANNE,,,LAEPER,10-May-94,S137578/19Y,
JENA,ANNE,,LAEPER,10-May-94,S137578/19Y,
CHRISTOPHER BILL,,,MCINVER,01-May-35,S223456/11K,11/23455Q
CHRISTOPHER,,,MCINVER,01-May-35,S223456/11K,
ANNE,,,SMITH,01-Jan-89,S478990/10W,
ANNIE,LYNN,,SMYTH,01-Jan-89,S478990/10W,
ANNE,,,MCSMITH,02-Feb-86,S222515/10W,
ANNIE,,,MACSMITH,02-Feb-86,S222515/10W,11/666222E
JENNA,EMMA,,LEPHER,05-Jul-84,S121178/19Y,
JENNA,LISA,,LEPHER,05-Jul-84,S121178/19Y,
ASHTON,,,SMITH,21-Oct-98,S335378/19Y,44/67875F
ASHTON,,,SMITH,21-Oct-98,S335378/19Y,25/32456D
CLAIRE,PAIGE,,MCKAY,01-Jan-80,S777256/69S,
CLAIRE,ALLIX,,MCKAY,01-Jan-80,S777256/69S,
JOSEPH,,,BOGS,02-Oct-65,S778578/16P,12/91234T
JOSEF,,,BOGS,02-Oct-65,S778578/16P,11/91256T
GILLIE,STACY,,MCGROUHER,06-Jun-84,S123378/16P,
GILL,CLARE,,MCGROUHER,06-Jun-84,S123378/16P,
LILY,ANN,,SMITH,07-Jan-80,S333256/69S,
LILLY,JENNA,,SMITH,07-Jan-80,S333256/69S,
CHRISTOPHER JOHN,JAMES,,TESAR,05-May-35,S127578/19S,
CHRISTOPHER,JOHN,,TESAR,05-May-35,S127578/19S,
COHEN STEVEN,,,JONES,09-Jan-60,S222277/88B,33/18867T
COHEN,,,JONES,09-Jan-60,S222277/88B,22/33445F
SOPHIE JANE,LIA,,ROBB,03-Jan-80,S667256/69S,
SOPHIE,JANE,,ROBB,03-Jan-80,S667256/69S,
CHRISY,SCOTT,,TESSAR,09-Aug-35,S126378/31R,
CHRISIE,DARREN,,TESAR,09-Aug-35,S126378/31R,
ALLY,,,JONSON,22-Apr-67,S112256/99S,14/42356K
ALLIE,,,JOHNSON,22-Apr-67,S112256/99S,19/42856P
LYN,CLAIRE,,ROB,09-Jan-80,S607256/69S,
LYNN,EMMA,,ROBB,09-Jan-80,S607256/69S,
